{
  "id": "0274a35d-ab0d-8c15-3f26-57f07c7d72dc",
  "name": "BoatSlip",
  "values": [
    {
      "enabled": true,
      "key": "start_count",
      "type": "text",
      "value": "8"
    },
    {
      "enabled": true,
      "key": "boat_name",
      "type": "text",
      "value": "Titantic"
    },
    {
      "enabled": true,
      "key": "boat_type",
      "type": "text",
      "value": "Ocean Liner"
    },
    {
      "enabled": true,
      "key": "boat_length",
      "type": "text",
      "value": "200"
    },
    {
      "enabled": true,
      "key": "boat_at_sea",
      "type": "text",
      "value": "false"
    },
    {
      "enabled": true,
      "key": "slip_current_boat",
      "type": "text",
      "value": "new_boat_id"
    },
    {
      "enabled": true,
      "key": "boat_arrival_date",
      "type": "text",
      "value": ""
    },
    {
      "enabled": true,
      "key": "slip_number",
      "type": "text",
      "value": "13"
    },
    {
      "enabled": true,
      "key": "boat_id1",
      "type": "text",
      "value": "ag9zfnJlc3RmdWxtYXJpbmFyEQsSBEJvYXQYgICAgPjCxAoM"
    },
    {
      "enabled": true,
      "key": "boat_id2",
      "type": "text",
      "value": "ag9zfnJlc3RmdWxtYXJpbmFyEQsSBEJvYXQYgICAgPiJzAgM"
    },
    {
      "enabled": true,
      "key": "boat_id3",
      "type": "text",
      "value": "ag9zfnJlc3RmdWxtYXJpbmFyEQsSBEJvYXQYgICAgK-GyAsM"
    },
    {
      "enabled": true,
      "key": "boat_id4",
      "type": "text",
      "value": "ag9zfnJlc3RmdWxtYXJpbmFyEQsSBEJvYXQYgICAgJ3AmgsM"
    },
    {
      "enabled": true,
      "key": "slip_id1",
      "type": "text",
      "value": "ag9zfnJlc3RmdWxtYXJpbmFyEQsSBFNsaXAYgICAgO2xowoM"
    },
    {
      "enabled": true,
      "key": "slip_id2",
      "type": "text",
      "value": "ag9zfnJlc3RmdWxtYXJpbmFyEQsSBFNsaXAYgICAgJ2UxwsM"
    },
    {
      "enabled": true,
      "key": "slip_id3",
      "type": "text",
      "value": "ag9zfnJlc3RmdWxtYXJpbmFyEQsSBFNsaXAYgICAgNq31woM"
    },
    {
      "enabled": true,
      "key": "slip_id4",
      "type": "text",
      "value": "ag9zfnJlc3RmdWxtYXJpbmFyEQsSBFNsaXAYgICAgN6lxQgM"
    },
    {
      "enabled": true,
      "key": "slip_id",
      "type": "text",
      "value": "ag9zfnJlc3RmdWxtYXJpbmFyEQsSBFNsaXAYgICAgO2xowsM"
    },
    {
      "enabled": true,
      "key": "boat_id",
      "type": "text",
      "value": "ag9zfnJlc3RmdWxtYXJpbmFyEQsSBEJvYXQYgICAgJmD3AgM"
    }
  ],
  "timestamp": 1493621340980,
  "_postman_variable_scope": "environment",
  "_postman_exported_at": "2017-05-01T06:50:57.396Z",
  "_postman_exported_using": "Postman/4.10.7"
}